sim_id,w_r,h_si,doping,S,lambda,length
-,m,m,cm^-3,m,m,m
14,4.798e-07,7.857e-08,5.323e+17,8.394e-08,1.31e-06,0.000338
15,4.603e-07,1.211e-07,8.049e+17,4.394e-07,1.277e-06,0.0008191
16,4.384e-07,9.121e-08,9.396e+17,7.889e-07,1.349e-06,0.0005338
17,3.776e-07,1.001e-07,2.561e+17,2.165e-07,1.332e-06,0.00091
18,3.856e-07,1.096e-07,3.458e+17,5.999e-07,1.299e-06,0.0001335
