sim_id,w_r,h_si,doping,S,lambda,length,v_pi_V,v_pi_l_Vmm,loss_at_v_pi_dB_per_cm,C_at_v_pi_pF_per_cm,max_dphi_rad,is_valid,norm_loss,norm_vpil,cost,charge_time_s,fde_time_s,total_time_s,intrinsic_width_m,loss_min_dB_per_cm,loss_max_dB_per_cm,C_min_pF_per_cm,C_max_pF_per_cm
1.400000e+01,4.798000e-07,7.857000e-08,5.323000e+17,8.394000e-08,1.310000e-06,3.380000e-04,1.772477e+00,5.990974e-01,8.679199e+04,6.314187e+03,1.721410e+02,True,1.883212e+09,3.589177e-01,5.649637e+08,2.150786e+02,9.419590e+01,3.379959e+02,6.476800e-07,8.676616e+04,8.793298e+04,9.501902e-01,7.230493e+03
1.500000e+01,4.603000e-07,1.211000e-07,8.049000e+17,4.394000e-07,1.277000e-06,8.191000e-04,8.999049e-01,7.371121e-01,1.296787e+01,4.274769e+03,6.468537e+01,True,4.204142e+01,5.433342e-01,1.299276e+01,2.906709e+02,9.912952e+01,4.204903e+02,1.339100e-06,1.225960e-03,4.301818e+02,7.105411e-01,1.282363e+04
1.600000e+01,4.384000e-07,9.121000e-08,9.396000e+17,7.889000e-07,1.349000e-06,5.338000e-04,9.822765e-01,5.243392e-01,2.266415e+01,4.159489e+03,3.624572e+01,True,1.284159e+02,2.749316e-01,3.871723e+01,2.364418e+02,9.546555e+01,3.633702e+02,2.016200e-06,3.316193e-06,3.846138e+02,5.204275e-01,8.423553e+03
1.700000e+01,3.776000e-07,1.001000e-07,2.561000e+17,2.165000e-07,1.332000e-06,9.100000e-04,9.345610e-01,8.504505e-01,1.182041e+01,2.464743e+03,5.401280e+01,True,3.493052e+01,7.232661e-01,1.098544e+01,2.768343e+02,9.636446e+01,4.006753e+02,8.106000e-07,9.006349e-04,3.249450e+02,8.645990e-01,8.092101e+03
1.800000e+01,3.856000e-07,1.096000e-07,3.458000e+17,5.999000e-07,1.299000e-06,1.335000e-04,,,,,1.461267e-01,False,,,1.000000e+09,2.446849e+02,9.440112e+01,3.725208e+02,1.585400e-06,9.423165e+04,9.423193e+04,6.176621e-01,8.587070e+03
