sim_id,w_r,h_si,doping,S,lambda,length
-,m,m,cm^-3,m,m,m
9,4.242e-07,1.202e-07,3.124e+17,1.876e-08,1.302e-06,0.0008703
10,3.707e-07,9.797e-08,2.122e+17,5.686e-07,1.323e-06,0.0001565
11,4e-07,9.063e-08,8.841e+17,1.72e-07,1.262e-06,0.000358
12,4.565e-07,7.508e-08,6.889e+17,3.543e-07,1.359e-06,0.0006062
13,4.779e-07,1.076e-07,5.991e+17,7.866e-07,1.283e-06,0.0007286
