sim_id,w_r,h_si,doping,S,lambda,length,v_pi_V,v_pi_l_Vmm,loss_at_v_pi_dB_per_cm,C_at_v_pi_pF_per_cm,max_dphi_rad,is_valid,norm_loss,norm_vpil,cost,charge_time_s,fde_time_s,total_time_s,intrinsic_width_m,loss_min_dB_per_cm,loss_max_dB_per_cm,C_min_pF_per_cm,C_max_pF_per_cm
9.000000e+00,4.242000e-07,1.202000e-07,3.124000e+17,1.876000e-08,1.302000e-06,8.703000e-04,1.879786e+00,1.635978e+00,9.254892e+04,9.747488e+03,5.495657e+01,True,2.141325e+09,2.676423e+00,6.423976e+08,3.032729e+02,9.575288e+01,4.332430e+02,4.617200e-07,8.908655e+04,9.271701e+04,1.173691e+00,1.125998e+04
1.000000e+01,3.707000e-07,9.797000e-08,2.122000e+17,5.686000e-07,1.323000e-06,1.565000e-04,1.572666e+00,2.461222e-01,9.229707e+01,4.857359e+03,8.234427e+00,True,2.129687e+03,6.057615e-02,6.389486e+02,2.759975e+02,9.466434e+01,4.124719e+02,1.507900e-06,1.001421e-05,2.807878e+02,6.155348e-01,6.618189e+03
1.100000e+01,4.000000e-07,9.063000e-08,8.841000e+17,1.720000e-07,1.262000e-06,3.580000e-04,1.044103e+00,3.737890e-01,3.326807e+01,4.987019e+03,2.937377e+01,True,2.766911e+02,1.397182e-01,8.310514e+01,2.457365e+02,9.628401e+01,3.808219e+02,7.440000e-07,3.462823e-03,4.425328e+02,9.123900e-01,9.593176e+03
1.200000e+01,4.565000e-07,7.508000e-08,6.889000e+17,3.543000e-07,1.359000e-06,6.062000e-04,,,,,2.444854e+00,False,,,1.000000e+09,2.203496e+02,9.699468e+01,3.555658e+02,1.165100e-06,6.708080e+04,6.710068e+04,7.024769e-01,6.542718e+03
1.300000e+01,4.779000e-07,1.076000e-07,5.991000e+17,7.866000e-07,1.283000e-06,7.286000e-04,9.374388e-01,6.830179e-01,1.468897e+01,3.736494e+03,4.986777e+01,True,5.394145e+01,4.665134e-01,1.650899e+01,2.708569e+02,9.503385e+01,4.025535e+02,2.051100e-06,1.713977e-06,3.664773e+02,5.276387e-01,9.279984e+03
