sim_id,w_r,h_si,doping,S,lambda,length
-,m,m,cm^-3,m,m,m
1,4.211e-07,7.824e-08,7.869e+17,5.759e-07,1.36e-06,0.000998
2,3.971e-07,1.17e-07,3.259e+17,1.922e-07,1.306e-06,0.0004476
3,4.609e-07,8.466e-08,5.574e+17,7.4e-07,1.332e-06,0.000462
4,4.93e-07,1.028e-07,9.224e+17,2.666e-08,1.288e-06,0.0007049
5,3.666e-07,1.287e-07,2.22e+17,4.231e-07,1.261e-06,0.000171
